{
  "means": [
    12261.5107421875,
    12.168415069580078,
    251.202880859375,
    0.4740000069141388,
    0.15600000321865082,
    0.10400000214576721,
    9.808608055114746,
    4.814602375030518
  ],
  "stds": [
    7300.5126953125,
    7.012557506561279,
    145.33709716796875,
    0.6970005631446838,
    0.3630369007587433,
    0.30541327595710754,
    5.709020614624023,
    2.861480712890625
  ]
}